score,slug,title,size,policy,in_ats_pipeline,ats_on_page,careers_url,website,technologies,emailed_at,replied_at,mechanism,vn_ok,notes
9,hugging-face,Hugging Face,medium,remote-first,y,workable.com,https://apply.workable.com/huggingface/,https://huggingface.co/,python;ml;cloud,,,,,
8,brave,Brave,medium,fully-remote,y,,https://brave.com/careers/,https://brave.com/,javascript;rust;go;mobile,,,,,
8,close,Close,small,fully-remote,y,,http://jobs.close.com,https://close.com,cloud;devops;javascript;ml;nosql;python;search;sql,,,,,
8,customer-io,Customer.io,small,fully-remote,y,,https://customer.io/careers,https://customer.io,go;javascript;ruby,,,,,
8,duckduckgo,DuckDuckGo,small,fully-remote,y,,https://duckduckgo.com/hiring/,https://duckduckgo.com/,java;javascript;mobile,,,,,
8,gruntwork,Gruntwork,medium,fully-remote,y,,,https://gruntwork.io,ml,,,,,
8,linear,Linear,medium,fully-remote,y,,https://linear.app/careers,https://linear.app/,javascript;cloud,,,,,
8,supabase,Supabase,medium,fully-remote,y,,https://supabase.com/careers,https://supabase.com/,javascript;go;rust;cloud;sql,,,,,
7,bandlab,BandLab,medium,fully-remote,,workable.com,https://apply.workable.com/bandlabtechnologies/,https://bandlab.com/,cloud;dotnet;go;java;javascript;mobile,,,,,
7,circleci,CircleCI,medium,fully-remote,,greenhouse.io,https://boards.greenhouse.io/circleci,https://circleci.com/,go;python,,,,,
7,devsquad,Devsquad,medium,fully-remote,,workable.com,https://apply.workable.com/devsquad,https://devsquad.com,cloud;devops;javascript;php,,,,,
7,iterative,Iterative,small,fully-remote,,lever.co,,https://www.iterative.ai/,cloud;devops;go;javascript;python,,,,,
7,luxor-technology,Luxor Technology,medium,fully-remote,,ashbyhq.com,https://jobs.ashbyhq.com/luxor,https://luxor.tech/,go;javascript;rust,,,,,
7,metamask,MetaMask,small,fully-remote,,greenhouse.io,https://boards.greenhouse.io/consensys/jobs/1990589,https://metamask.io,javascript;mobile,,,,,
7,posthog,PostHog,medium,remote-first,y,,https://posthog.com/careers,https://posthog.com/,python;javascript;cloud;data,,,,,
7,recharge-payments,ReCharge Payments,small,fully-remote,,greenhouse.io,https://boards.greenhouse.io/recharge,https://rechargepayments.com/,javascript;python;sql,,,,,
7,replit,Replit,medium,remote-first,y,,https://replit.com/careers,https://replit.com,devops;javascript,,,,,
7,retool,Retool,medium,remote-first,y,,https://retool.com/careers,https://retool.com/,react;javascript;nodejs;postgres;docker,,,,,
7,scrapinghub,Scrapinghub,medium,fully-remote,,workable.com,,https://scrapinghub.com/,api;ml,,,,,
7,ushahidi,Ushahidi,small,fully-remote,,workable.com,https://ushahidi.workable.com/,https://www.ushahidi.com,devops;infrastructure;javascript;php;python;sql,,,,,
6,automattic,Automattic,enterprise,fully-remote,y,,https://automattic.com/work-with-us/,https://automattic.com/,data;java;javascript;php;python;search;sql,,,,,
6,balena,Balena,small,remote-first,,workable.com,https://balena.workable.com/,https://www.balena.io/,cloud;devops;go;javascript;linux;rust;sql,,,,,
6,canonical,Canonical,large,fully-remote,y,,https://canonical.com/careers/all,https://www.canonical.com/,cloud;javascript;mobile,,,,,
6,gitlab,GitLab,large,fully-remote,y,,https://about.gitlab.com/jobs/,https://about.gitlab.com/,ruby,,,,,
6,ramp,Ramp,medium,hybrid,y,,https://ramp.com/careers,https://www.ramp.com/,elixir;javascript;python;sql,,,,,
6,seaplane,Seaplane,tiny,fully-remote,,smartrecruiters,https://careers.smartrecruiters.com/SeaplaneIOInc,https://www.seaplane.io/,api;cloud;linux;rust,,,,,
6,wp-media,WP-Media,small,fully-remote,,workable.com,https://apply.workable.com/wp-media/,https://wp-media.me/,php,,,,,
6,zapier,Zapier,large,fully-remote,y,,https://zapier.com/jobs/,https://zapier.com/,cloud;data;devops;infrastructure;javascript;nosql;python;sql,,,,,
5,37signals,37signals,medium,fully-remote,,,,https://37signals.com,ruby,,,,,
5,a-1-auto-transport,A-1 Auto Transport,small,fully-remote,,,,https://a1autotransport.com,api;infrastructure;javascript;ml;php;sql,,,,,
5,akka,Akka,small,fully-remote,,,https://akka.io/contact-us,https://akka.io/,java;scala,,,,,
5,algorithmia,Algorithmia,small,fully-remote,,,,https://algorithmia.com/,devops;java;sql,,,,,
5,applied-ai-company-aaico,Applied AI Company (AAICO),medium,fully-remote,,,,https://aaico.com,api;cloud;devops;elixir;javascript;python;sql,,,,,
5,argyle,Argyle,medium,fully-remote,,,https://argyle.com/careers#open-positions,https://argyle.com/,devops;javascript;python,,,,,
5,articulate,Articulate,,fully-remote,y,,,https://www.articulate.com,dotnet,,,,,
5,asana,Asana,enterprise,remote-first,y,,https://asana.com/jobs,https://asana.com/,go;javascript,,,,,
5,atozdebug,ATOZDEBUG,small,fully-remote,,,https://www.linkedin.com/company/atozdebug/,https://atozdebug.com/,cloud;devops;javascript;mobile;nosql;php;python;sql,,,,,
5,audiense,Audiense,medium,fully-remote,,,https://aboutus.audiense.com/careers,https://www.audiense.com/,ml;python,,,,,
5,basecamp,Basecamp,medium,fully-remote,,,https://basecamp.com/about/jobs,https://basecamp.com/,javascript;ruby;sql,,,,,
5,bit-zesty,Bit Zesty,small,fully-remote,,,https://bitzesty.com/careers/,https://bitzesty.com/,elixir;javascript;mobile;python;ruby,,,,,
5,bitwarden,Bitwarden,medium,fully-remote,,,https://bitwarden.com/careers/,https://bitwarden.com/,dotnet;javascript;rust;mobile;cloud,,,,,
5,boldare,Boldare,medium,fully-remote,,,https://boldare.com/career/,https://boldare.com,cloud;dotnet;java;javascript;mobile;php;python,,,,,
5,bonsai,Bonsai,small,fully-remote,,,,https://hellobonsai.com,javascript;mobile;ruby;sql,,,,,
5,broadwing,Broadwing,small,fully-remote,,,,https://broadwing.io,cloud;devops;go;javascript;python;sql,,,,,
5,buffer,Buffer,small,fully-remote,,,https://buffer.com/journey,https://buffer.com/,data;javascript;php,,,,,
5,bugfender,Bugfender,small,fully-remote,,,https://mobilejazz.com/jobs,https://bugfender.com/,cloud;java;javascript;linux;ml;mobile;php,,,,,
5,cal-com,Cal.com,small,fully-remote,,,https://cal.com/careers,https://cal.com/,javascript;cloud;sql,,,,,
5,capital-placement,Capital Placement,small,fully-remote,,,https://capital-placement.com/careers,https://capital-placement.com,cloud;dotnet;javascript;ml,,,,,
5,carecru,CareCru,small,fully-remote,,,,https://carecru.com,cloud;go;java;javascript,,,,,
5,cartodb,CartoDB,medium,fully-remote,,,https://cartodb.com/jobs/,https://cartodb.com/,devops;javascript;nosql;ruby,,,,,
5,chainguard,Chainguard,medium,fully-remote,,,https://www.chainguard.dev/careers,https://www.chainguard.dev/,go;cloud;devops,,,,,
5,chargify,Chargify,small,fully-remote,,,,https://www.chargify.com/,cloud;devops;ruby,,,,,
5,clevertech,Clevertech,medium,fully-remote,,,https://clevertech.biz/careers,https://clevertech.biz/,java;javascript;php;python;ruby,,,,,
5,cofense,Cofense,medium,fully-remote,,,,https://cofense.com,cloud;devops;ruby;sql,,,,,
5,coinbase,Coinbase,enterprise,remote-first,y,,https://www.coinbase.com/careers/positions,https://www.coinbase.com,cloud;devops;go;javascript;nosql;ruby;sql,,,,,
5,compucorp,Compucorp,small,fully-remote,,,https://careers.compuco.io/open-roles,https://www.compuco.io,devops;javascript;python,,,,,
5,connexa,Connexa,medium,fully-remote,,,https://connexa.breezy.hr,https://www.connexa.com/,cloud;javascript,,,,,
5,consensys-inc,ConsenSys Inc,medium,fully-remote,,,https://consensys.net/open-positions/,https://consensys.net/,go;java;javascript;python;rust;scala;search,,,,,
5,convert,Convert,small,fully-remote,,,https://www.convert.com/jobs,https://www.convert.com,cloud;devops;javascript;nosql;php,,,,,
5,core-apps,Core-Apps,small,fully-remote,,,https://www.core-apps.com/event-technology-company/jobs/,https://www.core-apps.com/,api;go;scala,,,,,
5,dappradar,DappRadar,small,fully-remote,,,https://dappradar.com/careers,https://dappradar.com/,devops;javascript;sql,,,,,
5,data-science-dojo,Data Science Dojo,small,fully-remote,,,https://datasciencedojo.com/about/careers,https://datasciencedojo.com/,javascript;python,,,,,
5,deel,Deel,enterprise,fully-remote,,ashbyhq.com,https://jobs.ashbyhq.com/Deel,https://www.deel.com/,cloud;devops;javascript;sql,,,,,
5,designcode,Designcode,small,fully-remote,,,,https://designcode.io/,javascript,,,,,
5,deskpass,Deskpass,small,fully-remote,,,https://jobs.deskpass.com,https://www.deskpass.com,devops;go;javascript;nosql;php;sql,,,,,
5,discourse,Discourse,small,fully-remote,,,,https://discourse.org,cloud;javascript;ruby,,,,,
5,doist,Doist,small,fully-remote,,,https://doist.com/careers,https://doist.com,dotnet;javascript;mobile;nosql;php;python;ruby;sql,,,,,
5,drupal-jedi,Drupal Jedi,medium,fully-remote,,,https://drupaljedi.com/careers,https://drupaljedi.com/,devops;go;javascript;php,,,,,
5,evrone,Evrone,medium,fully-remote,,,,https://evrone.com,elixir;go;javascript;mobile;python;ruby;rust,,,,,
5,fingerprint,Fingerprint,medium,fully-remote,,,https://fingerprint.com/careers/,https://fingerprint.com,cloud;go;javascript;sql,,,,,
5,firehire,FireHire,medium,fully-remote,,,https://www.firehire.ai/talent,https://www.firehire.ai,java;javascript;mobile;php;python;ruby;rust;scala,,,,,
5,fleetio,fleetio,medium,fully-remote,,,https://www.fleetio.com/careers,https://www.fleetio.com/,cloud;devops;go;javascript;python,,,,,
5,focusnetworks,Focusnetworks,small,fully-remote,,,https://focusnetworks.enlizt.me/?utm_source=jooble&utm_medium=cpc&utm_campaign=jooble,https://focusnetworks.com.br,go,,,,,
5,functionize,Functionize,small,fully-remote,,,https://www.functionize.com/careers/,https://www.functionize.com/,cloud;devops;java;javascript;php,,,,,
5,graylog,Graylog,small,fully-remote,,,https://www.graylog.org/careers,https://www.graylog.org/,java;javascript;nosql,,,,,
5,harvest,Harvest,medium,fully-remote,,,https://www.getharvest.com/careers,https://www.getharvest.com/,cloud;devops;infrastructure;javascript;nosql;ruby;sql,,,,,
5,he-labs,HE:labs,small,fully-remote,,,,https://www.helabs.com,cloud;devops;elixir;javascript;ml;ruby;sql,,,,,
5,heap,Heap,small,fully-remote,,,,https://heapanalytics.com/,data;javascript;nosql;scala;sql,,,,,
5,hubstaff,Hubstaff,medium,fully-remote,,,,https://hubstaff.com/jobs,javascript;ruby;rust;mobile;sql;nosql,,,,,
5,human-made,Human Made,small,fully-remote,,,https://hmn.md/hiring/,https://hmn.md,javascript;php,,,,,
5,inter-link,Inter.link,small,fully-remote,,,https://inter.link/about-interlink/careers/,https://inter.link/,devops;go;javascript;python;sql,,,,,
5,interpersonal-frequency-i-f,Interpersonal Frequency (I.F.),small,fully-remote,,,,https://ifsight.com,go;javascript;ml,,,,,
5,iohk,IOHK,medium,fully-remote,,,https://iohk.io/careers/,https://iohk.io/,rust;scala,,,,,
5,iwantmyname,iwantmyname,small,fully-remote,,,,https://iwantmyname.com/,devops;elixir;javascript;nosql;python,,,,,
5,jaya-tech,Jaya Tech,medium,fully-remote,,,,http://jaya.tech,elixir;java;javascript;ruby,,,,,
5,jitera,Jitera,small,fully-remote,,,https://angel.co/company/iruuza/jobs,https://iruuza-inc.com/,go;javascript;mobile;ruby;sql,,,,,
5,kake,Kake,medium,fully-remote,,,,https://kake.co/jobs,cloud;data;dotnet;go;graphql;java;javascript;ml;mobile;php;python;sql,,,,,
5,kentik-technologies-inc,Kentik Technologies Inc.,medium,fully-remote,,,,https://www.kentik.com/careers,devops;go;javascript;scala,,,,,
5,kestra,Kestra,small,fully-remote,,,,https://www.kestra.io/careers,devops;go;java;javascript;sql,,,,,
5,labelbox,Labelbox,medium,fully-remote,,,https://labelbox.com/company/careers,https://labelbox.com/,devops;java;javascript;python,,,,,
5,launch-potato,Launch Potato,medium,fully-remote,,,https://launchpotato.com/careers,https://launchpotato.com/,api;cloud;data;devops;graphql;javascript;python;sql,,,,,
5,leadership-success,Leadership Success,small,fully-remote,,,,https://leadershipsuccess.co,javascript,,,,,
5,lionsher,LionSher,small,fully-remote,,,,https://lionsher.com/careers,devops;javascript;php,,,,,
5,mailerlite,MailerLite,medium,fully-remote,,,https://www.mailerlite.com/jobs/,https://www.mailerlite.com,cloud;devops;go;javascript;mobile;nosql;php;python;search;sql,,,,,
5,marsbased,MarsBased,small,fully-remote,,,https://marsbased.com/jobs,https://marsbased.com/,javascript;mobile;python;ruby,,,,,
5,memberful,Memberful,small,fully-remote,,,https://memberful.com/careers,https://memberful.com,api;go;ml;php,,,,,
5,memory,Memory,small,fully-remote,,,https://memory.ai/jobs,https://memory.ai/,javascript,,,,,
5,modern-tribe,Modern Tribe,small,fully-remote,,,https://tri.be/careers/,https://tri.be/,devops;javascript;mobile;php;search,,,,,
5,molteo,Molteo,small,fully-remote,,,https://molteo.join.com/,https://molteo.com/,cloud;devops;javascript;mobile;sql,,,,,
5,nozbe,Nozbe,small,fully-remote,,,https://nozbe.com/job,https://nozbe.com/,javascript;mobile,,,,,
5,omniti,OmniTI,small,fully-remote,,,https://omniti.com/is/hiring.html,https://omniti.com/,devops;go;javascript;mobile;nosql;python;ruby;sql,,,,,
5,on-the-go-systems,On The Go Systems,medium,fully-remote,,,https://onthegosystems.com/jobs/,https://onthegosystems.com/,cloud;javascript;php,,,,,
5,opencraft,OpenCraft,small,fully-remote,,,,https://opencraft.com/,ml,,,,,
5,openzeppelin,OpenZeppelin,small,fully-remote,,,https://www.openzeppelin.com/careers,https://openzeppelin.com/,javascript,,,,,
5,optoro,Optoro,medium,fully-remote,,,,https://www.optoro.com/,data;devops;nosql;python;ruby;sql,,,,,
5,particular-software,Particular Software,small,fully-remote,,,https://particular.net/careers,https://particular.net,cloud;devops;dotnet;javascript;linux;ml,,,,,
5,pathable,Pathable,medium,fully-remote,,,https://pathable.com/careers/,https://pathable.com/,javascript;nosql,,,,,
5,payfully,Payfully,small,fully-remote,,,https://angel.co/payfully/jobs/,https://www.payfully.co,cloud;javascript;nosql,,,,,
5,pex,Pex,medium,fully-remote,,,https://pex.com/careers/,https://pex.com,go;java;javascript;python;search;sql,,,,,
5,phantombuster,PhantomBuster,small,fully-remote,,,https://careers.phantombuster.com/jobs,https://phantombuster.com/,javascript;cloud,,,,,
5,precision-nutrition,Precision Nutrition,medium,fully-remote,,,https://www.precisionnutrition.com/jobs,https://www.precisionnutrition.com/,cloud;data;devops;elixir;javascript;ruby,,,,,
5,primer,Primer,medium,fully-remote,,,,https://primer.io/careers,javascript;python,,,,,
5,prisma,Prisma,small,fully-remote,,,https://www.prisma.io/careers,https://www.prisma.io/,go;javascript;rust,,,,,
5,questdb,QuestDB,small,fully-remote,,,https://questdb.io/careers,https://questdb.io,devops;java;javascript;python,,,,,
5,railway,Railway,small,fully-remote,,,https://railway.com/careers,https://railway.com/,go;javascript;cloud;devops,,,,,
5,rainforest-qa,Rainforest QA,small,fully-remote,,,,https://www.rainforestqa.com/jobs,devops;elixir;go;javascript;linux;nosql;python;ruby;sql,,,,,
5,rakuten-travel-xchange,Rakuten Travel Xchange,small,fully-remote,,,https://solutions.travel.rakuten.com/jobs,https://solutions.travel.rakuten.com,cloud;devops;go;javascript;nosql;sql,,,,,
5,rebelmouse,RebelMouse,medium,fully-remote,,,,https://www.rebelmouse.com/,javascript;mobile;python,,,,,
5,reinteractive,reinteractive,small,fully-remote,,,,https://reinteractive.com/careers,ruby,,,,,
5,remotemore,RemoteMore,small,fully-remote,,,https://remotemore.com/careers/,https://remotemore.com,javascript;nosql;python;sql,,,,,
5,revenuecat,RevenueCat,medium,fully-remote,,,https://www.revenuecat.com/careers/,https://www.revenuecat.com/,go;python;mobile;cloud,,,,,
5,sardine-ai,Sardine.ai,small,fully-remote,,,https://www.sardine.ai/careers,https://sardine.ai,cloud;devops;go;infrastructure;javascript;python,,,,,
5,searchapi,SearchApi,small,fully-remote,,,https://www.searchapi.io/careers,https://www.searchapi.io/,ruby;search;python;javascript;devops,,,,,
5,seeq,Seeq,medium,fully-remote,,,https://www.seeq.com/careers/,https://www.seeq.com,cloud;data;java;nosql,,,,,
5,servmask,ServMask,small,fully-remote,,,,https://servmask.com,devops;infrastructure;javascript;php;sql,,,,,
5,shogun,Shogun,small,fully-remote,,,https://angel.co/shogun/jobs,https://getshogun.com,go;javascript;ruby,,,,,
5,six-to-start,Six to Start,small,fully-remote,,,,https://sixtostart.com,javascript,,,,,
5,smile-io,Smile.io,small,fully-remote,,,https://smile.io/careers,https://smile.io,cloud;data;devops;javascript;nosql;ruby;search;sql,,,,,
5,smugmug,SmugMug,medium,fully-remote,,,https://jobs.smugmug.com/,https://www.smugmug.com/,cloud;dotnet;java;javascript;linux;ml;mobile;php,,,,,
5,soshace-llc,"Soshace, LLC.",small,fully-remote,,,https://soshace.com/careers,https://www.soshace.com/,java;javascript;python,,,,,
5,stormx,StormX,small,fully-remote,,,https://stormx.io/careers,https://stormx.io/,devops;javascript;mobile,,,,,
5,strapi,Strapi,small,fully-remote,,,,https://strapi.io/careers,devops;graphql;javascript;sql,,,,,
5,streamnative,StreamNative,small,fully-remote,,,,https://streamnative.io/careers,dotnet;go;java,,,,,
5,syde,Syde,medium,fully-remote,,,https://syde.com/career/,https://syde.com/,javascript;php,,,,,
5,tag1-consulting,Tag1 Consulting,small,fully-remote,,,,https://tag1consulting.com/,javascript;php;python;ruby,,,,,
5,teamflow,Teamflow,small,fully-remote,,,https://teamflowhq.notion.site/Teamflow-Job-Board-225515ad0f824ef8920e9a4db7c7abbf?utm_source=remoteintech,https://www.teamflowhq.com/,cloud;javascript,,,,,
5,telestax-inc,Telestax Inc.,small,fully-remote,,,https://telestax.com/careers/,https://telestax.com/,java;javascript,,,,,
5,the-ghost-foundation,Ghost,small,fully-remote,,,https://careers.ghost.org/,https://ghost.org/,javascript;sql,,,,,
5,thinkful,Thinkful,small,fully-remote,,,https://www.thinkful.com/about/careers/,https://www.thinkful.com/,javascript;python,,,,,
5,three-movers,Three Movers,small,fully-remote,,,,https://threemovers.com,api;infrastructure;javascript;ml;php;sql,,,,,
5,time-doctor,Time Doctor,medium,fully-remote,,,https://www.timedoctor.com/careers,https://www.timedoctor.com/,javascript;php;mobile;data,,,,,
5,toggl,toggl,medium,fully-remote,,,http://jobs.toggl.com,https://toggl.com/,devops;go;sql,,,,,
5,travis-ci,Travis CI,small,fully-remote,,,,https://travis-ci.org/,api;cloud;javascript;ruby,,,,,
5,tyk,Tyk,medium,fully-remote,,,,https://tyk.io/,go;javascript;cloud;devops,,,,,
5,udacity,Udacity,medium,fully-remote,,,https://www.udacity.com/jobs,https://www.udacity.com/,go;java;javascript;python;ruby;scala,,,,,
5,uhuru,Uhuru,small,fully-remote,,,https://uhurunetwork.com/digital-marketing-careers/,https://uhurunetwork.com/,go;javascript,,,,,
5,upworthy,Upworthy,medium,fully-remote,,,,https://www.upworthy.com/,go;javascript;mobile,,,,,
5,v0-report,v0 report,small,fully-remote,,,,https://v0.report,javascript,,,,,
5,varnish-software,Varnish Software,small,fully-remote,,,,https://www.varnish-software.com/about-us,devops;go;linux;python,,,,,
5,vercel,Vercel,small,fully-remote,,,https://vercel.com/careers,https://vercel.com/,javascript,,,,,
5,vgs,VGS,medium,fully-remote,,,,https://www.verygoodsecurity.com/careers,devops;java;javascript;python,,,,,
5,viperdev,Viperdev,small,fully-remote,,,,https://viperdev.io,javascript;php,,,,,
5,webfx,WebFX,medium,fully-remote,,,,https://www.webfx.com,javascript;ml;php,,,,,
5,x-team,X-Team,medium,fully-remote,,,,https://x-team.com/,go;java;javascript;ml;php;python,,,,,
5,yodo1,Yodo1,medium,fully-remote,,,https://www.yodo1.com/careers,https://www.yodo1.com/en/,devops;java;mobile;python,,,,,
5,you-need-a-budget,You Need A Budget,medium,fully-remote,,,https://www.youneedabudget.com/careers/,https://www.youneedabudget.com/,javascript;ruby;sql,,,,,
5,zignaly,Zignaly,small,fully-remote,,,https://discord.com/invite/r5qRXDJ,https://zignaly.io/,cloud;devops;infrastructure;javascript;nosql;php;sql,,,,,
4,42-technologies,42 Technologies,tiny,fully-remote,,,https://angel.co/company/42,https://www.42technologies.com/,cloud;data;devops;javascript;python;sql,,,,,
4,abstract,Abstract,tiny,fully-remote,,,,https://abstractapi.com,cloud;nosql;python,,,,,
4,ambaum,Ambaum,tiny,fully-remote,,,https://ambaum.com/careers,https://ambaum.com/,javascript;nosql;php;sql,,,,,
4,arkency,Arkency,tiny,fully-remote,,,https://blog.arkency.com/join-our-team/,https://arkency.com/,javascript;ruby,,,,,
4,aula-education,Aula Education,small,remote-first,,,https://aulaatcoventry.notion.site/career](https://aulaatcoventry.notion.site/Aula-Work-with-us-b5f19ee874c5435591ac70b804aff8f9,https://aula.education/,cloud;devops;go;javascript,,,,,
4,bandcamp,Bandcamp,small,fully-remote,,,https://bandcamp.com/jobs,https://bandcamp.com/,,,,,,
4,baremetrics,Baremetrics,tiny,fully-remote,,,,https://baremetrics.com/,javascript;php,,,,,
4,best-practical-solutions,Best Practical Solutions,tiny,fully-remote,,,https://bestpractical.com/jobs,https://bestpractical.com/,javascript;linux;sql,,,,,
4,calibre,Calibre,tiny,fully-remote,,,https://calibreapp.com/careers,https://calibreapp.com/,cloud;javascript;ruby;sql,,,,,
4,capchase,Capchase,tiny,fully-remote,,,https://www.notion.so/9b9e8dbcc5a2415f9da69f1e00617f94?v=cdd6935b11024b68aba4375714c7cc00,https://www.capchase.com/,devops;go;javascript;nosql,,,,,
4,codea-it,Codea IT,tiny,fully-remote,,,,https://www.codeait.com/,dotnet;java;javascript;ml;mobile;nosql;php;python;ruby;sql,,,,,
4,codepen,CodePen,tiny,fully-remote,,,https://blog.codepen.io,https://codepen.io,cloud;javascript;ruby,,,,,
4,collabora,Collabora,medium,fully-remote,,,https://www.collabora.com/careers.html,https://www.collabora.com/,,,,,,
4,conversio,Conversio,tiny,fully-remote,,,,https://conversio.com,javascript;nosql,,,,,
4,crazygames,CrazyGames,small,remote-first,,,https://jobs.crazygames.com/,https://www.crazygames.com,cloud;devops;graphql;javascript,,,,,
4,creex-team,CREEX TEAM,tiny,fully-remote,,,,https://creex.team,devops;go;javascript;python,,,,,
4,cueup,Cueup,tiny,fully-remote,,,,https://cueup.io,javascript;nosql;sql,,,,,
4,cuvette,Cuvette,tiny,fully-remote,,,https://cuvette.tech/app/student/login?type=register,https://cuvette.tech,javascript,,,,,
4,dashboardhub,DashboardHub,tiny,fully-remote,,,,https://dashboardhub.io/,cloud;javascript,,,,,
4,data-science-brigade,Data Science Brigade,tiny,fully-remote,,,,https://dsbrigade.com,python,,,,,
4,dealdash,DealDash,small,fully-remote,,,https://www.dealdash.com/careers,http://www.dealdash.com,,,,,,
4,dev-spotlight,Dev Spotlight,tiny,fully-remote,,,,https://www.devspotlight.com,cloud;devops;dotnet;java;javascript;mobile;php;python;ruby,,,,,
4,dynapictures,DynaPictures,tiny,fully-remote,,,,https://dynapictures.com,devops;javascript,,,,,
4,epilocal,Epilocal,tiny,fully-remote,,,https://www.epilocal.com/contact/,https://epilocal.com,cloud;go;javascript,,,,,
4,epsy-health,Epsy Health,small,remote-first,,,https://epsyhealth.com/careers,https://epsyhealth.com/,cloud;devops;java;javascript;mobile;python,,,,,
4,ergeon,Ergeon,medium,fully-remote,,,https://www.ergeon.com/careers,https://www.ergeon.com/,,,,,,
4,fdte,FDTE,medium,remote-first,,,,https://fdte.org.br/,java;javascript,,,,,
4,fire-engine-red,Fire Engine Red,medium,fully-remote,,,,https://fire-engine-red.com/,,,,,,
4,fivexl,FivexL,tiny,fully-remote,,,https://fivexl.io/#contact,https://fivexl.io,cloud;devops;go;python,,,,,
4,foh-boh,Foh&Boh,tiny,fully-remote,,,,https://fohandboh.com/,devops;javascript,,,,,
4,freeagent,Freeagent,medium,fully-remote,,,,https://www.freeagent.com/,,,,,,
4,glenn-website-design,Glenn Website Design,tiny,fully-remote,,,https://glennwebsitedesign.com/contact/,https://glennwebsitedesign.com/,javascript;ml;php;sql,,,,,
4,godaddy,GoDaddy,tiny,fully-remote,,,https://careers.godaddy.com/,https://www.godaddy.com/,cloud;go;java;javascript;php,,,,,
4,grou-ps,Grou.ps,tiny,fully-remote,,,https://build.gr.ps/careers/,https://build.gr.ps,devops;javascript;nosql,,,,,
4,help-scout,Help Scout,medium,remote-first,,,https://www.helpscout.com/company/careers/,https://www.helpscout.net/,javascript,,,,,
4,honeybadger,Honeybadger,tiny,fully-remote,,,https://www.honeybadger.io/careers/,https://www.honeybadger.io/,cloud;javascript;ruby,,,,,
4,hugo,Hugo,tiny,fully-remote,,,http://hugo.events/careers,https://hugo.events,javascript,,,,,
4,idonethis,IDoneThis,tiny,fully-remote,,,,https://www.idonethis.com/,javascript,,,,,
4,intuition-machines-inc,"Intuition Machines, Inc.",medium,remote-first,,,https://jobs.imachines.com/,https://www.imachines.com/,cloud;data;devops;go;javascript,,,,,
4,ironin,iRonin,small,remote-first,,,https://careers.ironin.it/,https://www.ironin.it/,devops;javascript;mobile;ruby,,,,,
4,jitbit,Jitbit,tiny,fully-remote,,,,https://jitbit.com,dotnet;javascript;mobile;python,,,,,
4,jolly-good-code,Jolly Good Code,tiny,fully-remote,,,,https://jollygoodcode.com,ruby,,,,,
4,kona,Kona,tiny,fully-remote,,,https://www.heykona.com/careers,https://www.heykona.com,cloud;javascript;python,,,,,
4,kraken,Kraken,large,remote-first,,lever.co,https://jobs.lever.co/kraken,https://kraken.com,go;javascript;php;rust,,,,,
4,logdog,LogDog,tiny,fully-remote,,,,https://log.dog,java;javascript;mobile,,,,,
4,mariadb,MariaDB,medium,fully-remote,,,https://mariadb.com/about-us/careers/,https://www.mariadb.com/,sql,,,,,
4,mattermost,Mattermost,medium,remote-first,,,,https://mattermost.com/careers/,javascript;go;python;mobile;cloud;devops,,,,,
4,merico,Merico,tiny,fully-remote,,,,https://merico.dev,javascript,,,,,
4,mobile-jazz,Mobile Jazz,small,fully-remote,,,https://mobilejazz.com/jobs,https://mobilejazz.com,,,,,,
4,mongodb,MongoDB,enterprise,remote-friendly,y,,https://www.mongodb.com/company/careers,https://mongodb.com,cloud;sql,,,,,
4,netlify,Netlify,medium,remote-first,,,,https://www.netlify.com/careers,javascript;cloud;devops,,,,,
4,netsparker,Netsparker,small,fully-remote,,,https://www.netsparker.com/jobs/,https://www.netsparker.com/,dotnet,,,,,
4,no-code-no-problem,No Code No Problem,small,fully-remote,,,,https://www.nocodenoprob.com,,,,,,
4,nodesource,NodeSource,small,remote-first,,,,https://nodesource.com/,cloud;devops;javascript,,,,,
4,octopus-deploy,Octopus Deploy,small,remote-first,,,https://octopus.com/company/careers,https://octopus.com/,dotnet;go;javascript,,,,,
4,ombu-labs,Ombu Labs,tiny,fully-remote,,,https://www.ombulabs.com/jobs,https://www.ombulabs.com/,cloud;javascript;nosql;ruby;sql,,,,,
4,outsourcingdev,OutsourcingDev,tiny,fully-remote,,,https://www.outsourcingdev.com/careers/,https://www.outsourcingdev.com/,cloud;dotnet;java;javascript;linux;ml;mobile;nosql;php;python;ruby;sql,,,,,
4,over,Over,small,fully-remote,,,,https://www.madewithover.com/,mobile,,,,,
4,parabol,Parabol,tiny,fully-remote,,,,https://www.parabol.co/,graphql;javascript;nosql;sql,,,,,
4,parsely,Parsely,medium,fully-remote,,,https://www.parse.ly/careers,https://Parse.ly,,,,,,
4,peakforce,Peakforce,small,fully-remote,,,https://www.peakforce.dev/contact,https://www.peakforce.dev,,,,,,
4,percona,Percona,medium,fully-remote,,,https://www.percona.com/careers/,https://www.percona.com,,,,,,
4,plaid,Plaid,large,hybrid,y,,https://plaid.com/careers/,https://plaid.com/,python;react;typescript;kubernetes,,,,,
4,platform-builders,Platform Builders,medium,remote-first,,,https://jobs.kenoby.com/sejabuilder,https://platformbuilders.io/,cloud;dotnet;javascript;mobile;ruby;search;sql,,,,,
4,polygon,Polygon,tiny,fully-remote,,,,https://polygon.technology/careers/#all-roles,javascript;ml;nosql;sql,,,,,
4,quantify,Quantify,tiny,fully-remote,,,https://angel.co/company/quantify,https://quantifyhq.com,cloud;javascript;ml,,,,,
4,quicktrials,QuickTrials,small,remote-first,,,https://www.quicktrials.com/open-jobs/,https://quicktrials.com,devops;go;javascript;python;sql,,,,,
4,quora,Quora,medium,remote-first,,,https://www.quora.com/careers/,https://www.quora.com,javascript;nosql;python;sql,,,,,
4,raycast,Raycast,small,fully-remote,,,https://www.raycast.com/careers,https://raycast.com/,swift;typescript,,,,,
4,renofi,RenoFi,tiny,fully-remote,,,https://renofi.com/careers/,https://renofi.com/,devops;javascript;ruby,,,,,
4,scalac,Scalac,small,fully-remote,,,https://scalac.io/careers/,https://scalac.io/,scala,,,,,
4,scaloy-technology-llp,Scaloy Technology LLP,tiny,fully-remote,,,,https://scaloy.com/,dotnet;javascript;nosql;php;sql,,,,,
4,serpapi,SerpApi,small,remote-first,,,https://serpapi.com/careers,https://serpapi.com/,go;javascript;nosql;python;ruby,,,,,
4,skillshare,Skillshare,large,fully-remote,,lever.co,,https://www.skillshare.com/teach,,,,,,
4,skyrocket-ventures,Skyrocket Ventures,small,fully-remote,,,https://www.linkedin.com/jobs/senior-lead-software-engineer-jobs,https://www.skyrocketventures.com/,,,,,,
4,sommo,Sommo,small,fully-remote,,,,https://www.sommo.io,,,,,,
4,sourcegraph,Sourcegraph,medium,remote-first,,,,https://sourcegraph.com/jobs,go;javascript;rust;sql;devops;cloud;search,,,,,
4,stairlin,Stairlin,tiny,fully-remote,,,,https://www.stairlin.com/,devops;go;javascript;ml;nosql,,,,,
4,status,Status,small,fully-remote,,,https://status.im/open-positions.html,https://www.status.im/,,,,,,
4,studysoup,StudySoup,tiny,fully-remote,,,https://studysoup.com/apply,https://studysoup.com/,go;javascript;ruby;sql,,,,,
4,temporal,Temporal,medium,remote-first,,,https://temporal.io/careers,https://temporal.io/,go;java;javascript;cloud;devops,,,,,
4,timespot,TimeSpot,tiny,fully-remote,,,,https://timespothq.com/,devops;javascript;python;sql,,,,,
4,tower,Tower,tiny,fully-remote,,,https://www.git-tower.com/company/jobs/,https://www.git-tower.com/,mobile;ruby,,,,,
4,travis,Travis,tiny,fully-remote,,,https://www.travistravis.co/career,https://travistravis.co,devops;javascript,,,,,
4,twilio,Twilio,enterprise,hybrid,y,,https://www.twilio.com/company/jobs,https://www.twilio.com/,devops;go;java;python,,,,,
4,veryfi,Veryfi,tiny,fully-remote,,,https://angel.co/company/veryfi/jobs,https://veryfi.com/about,cloud;java;javascript;ml;mobile;python;sql,,,,,
4,xwp,XWP,medium,fully-remote,,,,https://xwp.co/,php,,,,,
4,zootools,ZooTools,tiny,fully-remote,,,https://zootools.notion.site/Careers-at-ZooTools-2e2815794b14415daca297506c54cb69,https://zootools.co/,go;javascript,,,,,
3,90-seconds,90 Seconds,medium,hybrid,,,https://90seconds.com/about/careers/,https://90seconds.com/,java;javascript;php,,,,,
3,amazon,Amazon,large,fully-remote,,,https://www.amazon.jobs/,https://www.amazon.jobs/content/en/locations,dotnet;java;python;ruby,,,,,
3,andela,Andela,large,fully-remote,,,,https://andela.com/,java;javascript;python;ruby,,,,,
3,auth0,Auth0,medium,hybrid,,,https://auth0.com/jobs,https://auth0.com/,devops;javascript;python;ruby;sql,,,,,
3,axelerant,Axelerant,small,remote-friendly,,,https://www.axelerant.com/careers,https://axelerant.com/,javascript;php;ruby,,,,,
3,bairesdev,Bairesdev,large,fully-remote,,,https://www.bairesdev.com/join-us/,https://bairesdev.com/,cloud;dotnet;java;javascript;linux;ml;mobile;nosql;php;python;ruby;sql,,,,,
3,bandzoogle,Bandzoogle,small,hybrid,,,https://bandzoogle.com/jobs,https://bandzoogle.com/,api;javascript;ruby,,,,,
3,beenverified,BeenVerified,medium,hybrid,,,https://www.beenverified.com/careers/,https://www.beenverified.com/,go;javascript;php;ruby,,,,,
3,bigdata-boutique,BigData Boutique,small,remote-friendly,,,https://bigdataboutique.com/careers,https://bigdataboutique.com,java;data;search;cloud;devops;sql;nosql,,,,,
3,bizink,Bizink,tiny,fully-remote,,,,https://bizinkonline.com,php,,,,,
3,brainstorm-force,Brainstorm Force,medium,hybrid,,,https://brainstormforce.com/join/,https://brainstormforce.com/,javascript;php,,,,,
3,cabify,Cabify,large,fully-remote,,,https://cabify.com/en/jobs,https://cabify.com/,devops;go;java;javascript;mobile;nosql;python,,,,,
3,capgemini,Capgemini,enterprise,fully-remote,,,https://www.capgemini.com/careers/,https://www.capgemini.com/us-en/,cloud;ml,,,,,
3,carbon-black,Carbon Black,,fully-remote,,,https://www.carbonblack.com/company/careers/,https://www.carbonblack.com/,cloud;javascript,,,,,
3,caremessage,CareMessage,small,remote-friendly,,,,https://www.caremessage.org/about-us/careers/,javascript;nosql;ruby;sql,,,,,
3,cartstack,CartStack,tiny,fully-remote,,,https://www.cartstack.com/careers/,https://www.cartstack.com/,,,,,,
3,chainlink-labs,ChainLink Labs,medium,remote-friendly,,,https://chainlinklabs.com/careers,https://chainlinklabs.com/,cloud;devops;go;javascript;python;sql,,,,,
3,chess,Chess,,fully-remote,,,,https://www.chess.com/jobs,javascript;mobile;php;python,,,,,
3,civo,Civo,small,hybrid,,,,https://www.civo.com,cloud;devops;go;ruby,,,,,
3,clickup,ClickUp,large,fully-remote,,,https://clickup.com/careers,https://clickup.com/,go;javascript;mobile,,,,,
3,coalition-technologies,Coalition Technologies,large,fully-remote,,,https://coalitiontechnologies.com/jobs,https://coalitiontechnologies.com/,ml,,,,,
3,code-b-solutions,Code B Solutions,small,remote-friendly,,,https://code-b.dev/,https://code-b.dev/,cloud;devops;dotnet;javascript;mobile;nosql;php;python;sql,,,,,
3,codesandbox,CodeSandbox,small,remote-first,,,https://codesandbox.io/jobs,https://codesandbox.io,,,,,,
3,cwt,CWT,enterprise,fully-remote,,,https://careers.mycwt.com/,https://www.mycwt.com/,cloud;devops;dotnet;java;javascript;ml;search,,,,,
3,darecode,darecode,small,hybrid,,,,https://darecode.com/,devops;dotnet;go;java;javascript,,,,,
3,dashlane,Dashlane,large,fully-remote,,,https://www.dashlane.com/about/careers,https://dashlane.com,javascript,,,,,
3,datastax,DataStax,large,fully-remote,,,https://www.datastax.com/company/careers,https://www.datastax.com/,cloud;devops;go;javascript;sql,,,,,
3,dnsimple,DNSimple,small,remote-friendly,,,,https://dnsimple.com/,javascript,,,,,
3,edify,Edify,small,remote-friendly,,,https://edify.cr/careers/open-positions/,https://edify.cr/,go;java;javascript;php;ruby,,,,,
3,engineyard-support-team,EngineYard (Support Team),small,remote-friendly,,,,https://www.engineyard.com,cloud;devops;javascript;linux;ruby;sql,,,,,
3,exportdata,ExportData,tiny,remote-first,,,https://www.exportdata.io/,https://www.exportdata.io/,cloud;devops;javascript;nosql;ruby;search;sql,,,,,
3,extreme-networks,Extreme Networks,large,fully-remote,,,https://www.extremenetworks.com/about-extreme-networks/career/,https://www.extremenetworks.com/,cloud,,,,,
3,findify,Findify,tiny,fully-remote,,,https://careers.findify.io,https://findify.io,,,,,,
3,fly-io,Fly.io,small,hybrid,,,https://fly.io/jobs/,https://Fly.io,elixir;ruby,,,,,
3,folotop,folotop,tiny,fully-remote,,,https://www.folotop.com/job/,https://folotop.com/,php,,,,,
3,geckoboard,Geckoboard,small,remote-friendly,,,https://www.geckoboard.com/about/careers/,https://www.geckoboard.com,go;javascript,,,,,
3,general-assembly,General Assembly,large,fully-remote,,,https://generalassemb.ly/careers,https://generalassemb.ly/,api;cloud;javascript;ml;nosql;ruby;scala;sql,,,,,
3,github,GitHub,large,fully-remote,,,https://github.com/about/jobs,https://github.com/,go;javascript;ruby;sql,,,,,
3,glitch,Glitch,small,remote-friendly,,,,https://www.glitch.com/,devops;dotnet;go;javascript;ml;nosql;python;ruby;search;sql,,,,,
3,gohiring,GoHiring,small,hybrid,,,https://www.gohiring.com/jobs/#jobs,https://www.gohiring.com/,javascript;ruby,,,,,
3,goldfire-agency,GoldFire Agency,small,hybrid,,,,https://goldfireagency.com,go,,,,,
3,groove-hq,Groove HQ,small,hybrid,,,https://www.groovehq.com/about#hiring,https://www.groovehq.com,graphql;javascript;ruby,,,,,
3,hashicorp,HashiCorp,large,fully-remote,,,https://www.hashicorp.com/jobs,https://www.hashicorp.com/,go;javascript;ruby,,,,,
3,hubspot,Hubspot,enterprise,fully-remote,,,https://www.hubspot.com/careers/jobs?hubs_signup-url=www.hubspot.com%2Fcareers%2Fremote&hubs_signup-cta=careers-location-hero&page=1,https://www.hubspot.com/,devops;go;infrastructure;javascript;ml,,,,,
3,ibm,IBM,enterprise,fully-remote,,,https://www.ibm.com/careers,https://www.ibm.com,dotnet;java;javascript;mobile,,,,,
3,igalia,Igalia,medium,remote-friendly,,,https://www.igalia.com/jobs/,https://www.igalia.com/,javascript,,,,,
3,intuit-inc,Intuit Inc.,enterprise,fully-remote,,,https://www.intuit.com/careers/,https://www.intuit.com/,dotnet;java;javascript;ml;php;python;ruby,,,,,
3,jupiterone,JupiterOne,medium,hybrid,,,,https://www.jupiterone.com/careers,cloud;graphql;javascript,,,,,
3,khan-academy,Khan Academy,large,fully-remote,,,https://www.khanacademy.org/careers,https://www.khanacademy.org/,javascript,,,,,
3,kinsta,Kinsta,large,fully-remote,,,https://kinsta.com/careers/,https://kinsta.com,go;java;javascript;nosql;php;python;ruby;scala;sql,,,,,
3,leadiq,LeadIQ,enterprise,fully-remote,,,https://leadiq.com/careers,https://leadiq.com/,devops;javascript,,,,,
3,lifetime-value-company,Lifetime Value Company,medium,hybrid,,,,https://www.ltvco.com/,go;javascript;php;ruby,,,,,
3,lightspeed,Lightspeed,enterprise,fully-remote,,,https://www.lightspeedhq.com/careers/,https://www.lightspeedhq.com/,cloud;data;go;php,,,,,
3,linux-foundation,Linux Foundation,medium,hybrid,,,https://www.linuxfoundation.org/careers,https://www.linuxfoundation.org/,devops;go,,,,,
3,liveperson,LivePerson,enterprise,fully-remote,,,,https://www.liveperson.com/company/careers,data;infrastructure;java;javascript;nosql;search,,,,,
3,lorum,Lorum,medium,remote-friendly,,,https://www.lorum.com/about,https://www.lorum.com,rust;cloud;sql;devops,,,,,
3,luxoft,Luxoft,tiny,fully-remote,,,,https://www.luxoft.com/,,,,,,
3,meant4,Meant4,small,hybrid,,,,https://meant4.com/jobs,cloud;go;javascript;mobile;php;python,,,,,
3,messagebird,messagebird,large,fully-remote,,,https://messagebird.com/careers#jobs,https://messagebird.com/,javascript;ml,,,,,
3,microsoft,Microsoft,enterprise,fully-remote,,,https://careers.microsoft.com/v2/global/en/home.html,https://www.microsoft.com/,dotnet;java;javascript;mobile,,,,,
3,mixmax,Mixmax,small,remote-friendly,,,https://careers.mixmax.com/,https://mixmax.com,cloud;devops;javascript;nosql;search,,,,,
3,mixrank,MixRank,small,remote-friendly,,,https://www.ycombinator.com/companies/mixrank,https://mixrank.com,javascript;linux;python;sql,,,,,
3,muck-rack,Muck Rack,small,remote-friendly,,,https://muckrack.com/careers,https://muckrack.com,devops;infrastructure;javascript;nosql;python;search,,,,,
3,mysql,MySQL,medium,remote-friendly,,,,https://www.mysql.com/,dotnet;java;php;python,,,,,
3,netris,Netris,small,hybrid,,,,https://www.netris.io,linux;python,,,,,
3,nettl-edinburgh,Nettl Edinburgh,tiny,fully-remote,,,,https://www.webdesignedinburgh.com,infrastructure;linux;php;sql,,,,,
3,okta,Okta,enterprise,fully-remote,,,https://www.okta.com/company/careers/,https://www.okta.com,cloud;devops;java;javascript;nosql;search;sql,,,,,
3,oracle,Oracle,enterprise,fully-remote,,,https://www.oracle.com/in/careers/,https://www.oracle.com/,java,,,,,
3,oyster-hr,Oyster HR,large,fully-remote,,,https://www.oysterhr.com/careers,https://www.oysterhr.com/,javascript;cloud,,,,,
3,parexel,Parexel,enterprise,fully-remote,,,https://jobs.parexel.com/,https://www.parexel.com,dotnet;java;python;ruby,,,,,
3,park-assist,Park Assist,enterprise,fully-remote,,,http://tech.parkassist.com/jobs/,https://tech.parkassist.com,cloud;data;devops;javascript;ruby;sql,,,,,
3,payu,PayU,enterprise,fully-remote,,,https://corporate.payu.com/job-board/,https://corporate.payu.com,cloud;data;go;java;scala,,,,,
3,primotly,Primotly,small,hybrid,,,https://primotly.com/career/,https://primotly.com,devops;javascript;php;python,,,,,
3,rackspace,Rackspace,enterprise,fully-remote,,,,https://rackspace.com/,linux;python,,,,,
3,reaction-commerce,Reaction Commerce,small,hybrid,,,,http://reactioncommerce.com/careers,devops;go;javascript,,,,,
3,redlio-designs,Redlio Designs,small,hybrid,,,https://redliodesigns.com/career,https://redliodesigns.com,javascript;php,,,,,
3,redmonk,RedMonk,tiny,fully-remote,,,https://redmonk.com/about/,https://redmonk.com,,,,,,
3,rocket-chat,Rocket.Chat,medium,hybrid,,,https://rocket.chat/jobs,https://rocket.chat,go;javascript,,,,,
3,roundproxies,Roundproxies,tiny,remote-first,,,,https://roundproxies.com,cloud;go;javascript;nosql;python,,,,,
3,safeguard-global,Safeguard Global,large,fully-remote,,,https://www.safeguardglobal.com/company/careers/,https://www.safeguardglobal.com/,go;javascript;python;sql,,,,,
3,salesforce,Salesforce,enterprise,fully-remote,,,https://salesforce.wd1.myworkdayjobs.com/External_Career_Site,https://www.salesforce.com/,cloud;java;javascript;ml,,,,,
3,scrapingbee,ScrapingBee,tiny,remote-first,,,,https://scrapingbee.com,cloud;javascript;nosql;python;sql,,,,,
3,scylladb,ScyllaDB,small,hybrid,,,https://www.scylladb.com/company/careers/,https://scylladb.com/,devops;go;linux;python,,,,,
3,sendwave-international-remittance,Sendwave (International Remittance),large,fully-remote,,,,https://www.sendwave.com/,go;javascript;mobile,,,,,
3,session,Session,tiny,remote-first,,,https://getsession.com/about,https://getsession.com,javascript,,,,,
3,shattered-silicon,Shattered Silicon,tiny,fully-remote,,,,https://shatteredsilicon.net,dotnet;linux;sql,,,,,
3,shopify,Shopify,enterprise,fully-remote,,,https://www.shopify.com/careers,https://www.shopify.com,devops;infrastructure;javascript;nosql;ruby;sql,,,,,
3,silverfin,Silverfin,medium,remote-friendly,,,https://www.silverfin.com/careers,https://www.silverfin.com/,go;javascript;nosql;ruby;sql,,,,,
3,sticker-mule,Sticker Mule,large,fully-remote,,,https://www.stickermule.com/careers,https://www.stickermule.com/,cloud;devops;dotnet;go;graphql;javascript;nosql;python;ruby;sql,,,,,
3,sutherland-cloudsource,Sutherland CloudSource,enterprise,fully-remote,,,,https://www.sutherlandcloudsource.com,cloud,,,,,
3,sweetrush,SweetRush,medium,remote-friendly,,,https://www.sweetrush.com/join-us/,https://www.sweetrush.com,ml;mobile,,,,,
3,the-crafters-lab,The Crafters Lab,tiny,remote-first,,,,https://thecrafterslab.eu,javascript,,,,,
3,vmware,VMware,enterprise,fully-remote,,,https://careers.vmware.com/main/,https://www.vmware.com/,devops;ml,,,,,
3,wells-fargo,Wells Fargo,large,fully-remote,,,https://www.wellsfargo.com/about/careers/,https://www.wellsfargo.com/,dotnet;java;javascript;ml;sql,,,,,
3,wemakemvp,WeMakeMVP,tiny,fully-remote,,,,https://wemakemvp.com,,,,,,
3,whitespectre,Whitespectre,medium,remote-first,,,https://www.glassdoor.com/Reviews/Whitespectre-Reviews-E1575846.htm,https://www.whitespectre.com,,,,,,
3,xapo,Xapo,large,fully-remote,,,https://xapo.com/en/careers,https://xapo.com/,cloud;data;devops;graphql;java;javascript;ml;mobile;nosql;python;sql,,,,,
3,yahoo,Yahoo!,enterprise,fully-remote,,,https://www.yahooinc.com/careers/,https://www.yahooinc.com/,data;devops;javascript;ml;nosql,,,,,
3,yonder,Yonder,tiny,fully-remote,,,,https://www.yonder.io,,,,,,
3,zaneffi,Zaneffi,tiny,remote-first,,,,https://zaneffi.com/,cloud;javascript;mobile;nosql;sql,,,,,
3,zenrows,ZenRows,tiny,remote-first,,,,https://zenrows.com,devops;go;javascript;nosql;php;sql,,,,,
2,3blocks,3Blocks,tiny,remote-friendly,,,,https://3blocks.io/,cloud;javascript;ml;scala,,,,,
2,appstractor,Appstractor,,fully-remote,,,,https://www.appstractor.com/,,,,,,
2,appwrite,Appwrite,tiny,remote-first,,,,https://appwrite.io,,,,,,
2,betapeak,BetaPeak,tiny,hybrid,,,,https://betapeak.com,cloud;javascript;php,,,,,
2,cloudapp,CloudApp,tiny,hybrid,,,https://www.getcloudapp.com/careers,https://getcloudapp.com,cloud;go;javascript;nosql;ruby;sql,,,,,
2,cloudbees,CloudBees,large,remote-first,,,https://www.cloudbees.com/careers,https://www.cloudbees.com/,java;devops;cloud;javascript;go,,,,,
2,crowdstrike,Crowdstrike,large,fully-remote,,,https://jobs.jobvite.com/crowdstrike/jobs,https://www.crowdstrike.com,,,,,,
2,datadog,Datadog,,fully-remote,,,,https://www.datadoghq.com/,,,,,,
2,ebury,Ebury,large,remote-first,,,https://careers.ebury.com,https://ebury.com/,javascript,,,,,
2,epam,EPAM,enterprise,fully-remote,,,https://anywhere.epam.com/,https://epam.com/,,,,,,
2,epic-games,Epic Games,enterprise,fully-remote,,,,https://www.epicgames.com/site/en-US/careers,,,,,,
2,formstack,Formstack,medium,hybrid,,,https://www.formstack.com/careers,https://www.formstack.com/,,,,,,
2,karat,Karat,large,fully-remote,,,,https://karat.com,,,,,,
2,linaro,Linaro,large,fully-remote,,,https://www.linaro.org/careers/,https://www.linaro.org/,linux,,,,,
2,modsquad,MODSQUAD,enterprise,fully-remote,,,https://modsquad.com/careers/,https://modsquad.com/,,,,,,
2,nearform,Nearform,large,remote-first,,,https://www.nearform.com/careers/,https://www.nearform.com,cloud;data;javascript,,,,,
2,prezly,Prezly,tiny,remote-friendly,,,,https://www.prezly.com/,cloud;infrastructure;javascript;php;sql,,,,,
2,reboot-studio,Reboot Studio,tiny,hybrid,,,,https://reboot.studio,javascript;mobile;sql,,,,,
2,seatgeek,SeatGeek,large,fully-remote,,,https://seatgeek.com/jobs?departments=softwareengineering&locations=all,https://seatgeek.com/,,,,,,
2,simpletexting,SimpleTexting,tiny,remote-friendly,,,,https://simpletexting.com,java;javascript,,,,,
2,socket-supply-co,Socket Supply Co,tiny,hybrid,,,https://socketsupply.co/jobs/,https://socketsupply.co,javascript;mobile;rust,,,,,
2,sonatype,Sonatype,large,remote-first,,,https://www.sonatype.com/company/careers,https://www.sonatype.com,cloud;devops;java;javascript,,,,,
2,stack-exchange,Stack Exchange,medium,hybrid,,,http://stackexchange.com/work-here,https://stackexchange.com/,,,,,,
2,taskade,Taskade,tiny,remote-friendly,,,https://www.taskade.com/contact,https://taskade.com/,javascript;nosql;sql,,,,,
2,transloadit,Transloadit,tiny,remote-friendly,,,https://x.com/transloadit,https://transloadit.com/,cloud;javascript,,,,,
2,turing,Turing,,fully-remote,,,https://careers.turing.com/,https://www.turing.com/,,,,,,
2,wolfram,Wolfram,large,fully-remote,,,https://www.wolfram.com/company/careers/,https://www.wolfram.com,,,,,,
1,acquia,Acquia,large,hybrid,,,https://www.acquia.com/careers/open-positions,https://www.acquia.com/,cloud;go;java;javascript;php;python;ruby,,,,,
1,alphasights,AlphaSights>,large,hybrid,,,https://engineering.alphasights.com/#positions,https://engineering.alphasights.com,javascript;ruby;sql,,,,,
1,bounteous,Bounteous,enterprise,hybrid,,,https://www.bounteous.com/careers/,https://bounteous.com,cloud;dotnet;java;javascript;mobile;php;python,,,,,
1,cloudera,CloudEra,enterprise,hybrid,,,https://cloudera.wd5.myworkdayjobs.com/External_Career?remoteType=648856a73acb1001a30bbdb5cbb70002,https://www.cloudera.com,ml,,,,,
1,cognizant,Cognizant,enterprise,hybrid,,,https://careers.cognizant.com/in/en,https://www.cognizant.com/in/en,cloud;dotnet;java;python,,,,,
1,datarobot,DataRobot,large,remote-friendly,,,https://www.datarobot.com/careers/,https://www.datarobot.com/,python;ml;data;cloud;sql,,,,,
1,digitalocean,DigitalOcean,large,remote-friendly,,,https://www.digitalocean.com/careers,https://www.digitalocean.com/,data;devops;go;ruby;sql,,,,,
1,etsy,Etsy,large,remote-friendly,,,https://careers.etsy.com/,https://www.etsy.com/,data;devops;go;javascript;php;ruby;search;sql,,,,,
1,fastly,Fastly,large,hybrid,,,https://www.fastly.com/about/careers,https://www.fastly.com/,cloud,,,,,
1,flexera,Flexera,enterprise,hybrid,,,https://www.flexera.com/about-us/careers,https://www.flexera.com/,javascript;ml,,,,,
1,instamobile,Instamobile,,remote-friendly,,,,https://instamobile.io,java;mobile,,,,,
1,invesco,Invesco,enterprise,hybrid,,,https://careers.invesco.com/,https://www.invesco.com/corporate,cloud;dotnet;java;javascript;python,,,,,
1,klaviyo,Klaviyo,large,hybrid,,,https://www.klaviyo.com/careers#open-roles,https://www.klaviyo.com/,devops;javascript;python;sql,,,,,
1,locus-robotics,Locus Robotics,large,hybrid,,,,https://locusrobotics.com/company/careers,javascript,,,,,
1,nagarro,Nagarro,enterprise,hybrid,,,https://www.nagarro.com/en/careers,https://www.nagarro.com/en,cloud;devops;go;java;ml;mobile,,,,,
1,namecheap,Namecheap,large,hybrid,,,https://www.namecheap.com/careers/openings/,https://www.namecheap.com,infrastructure;javascript;linux;php;sql,,,,,
1,netapp,NetApp,enterprise,remote-friendly,,,,https://www.netapp.com/,data;devops;go;java;javascript;python;ruby;sql,,,,,
1,netguru,Netguru,large,hybrid,,,https://www.netguru.com/career,https://www.netguru.com,elixir;java;javascript;mobile;python;ruby,,,,,
1,o-reilly-online-learning,O'Reilly Online Learning,large,remote-friendly,,,https://www.oreilly.com/careers/#positions,https://www.oreilly.com/,javascript;ml,,,,,
1,red-hat,Red Hat,enterprise,hybrid,,,https://www.redhat.com/en/jobs,https://www.redhat.com,cloud;devops;javascript;linux,,,,,
1,revolut,Revolut,enterprise,hybrid,,,https://www.revolut.com/careers/,https://www.revolut.com/,devops;java;javascript;python,,,,,
1,scandit,Scandit,large,hybrid,,,https://www.scandit.com/careers/,https://scandit.com,devops;javascript;mobile;python,,,,,
1,signeasy,SignEasy,,remote-friendly,,,https://signeasy.com/careers,https://signeasy.com/,api;cloud;devops;javascript;python;search;sql,,,,,
1,spotify,Spotify,enterprise,remote-friendly,,,https://www.lifeatspotify.com/jobs,https://www.spotify.com/,cloud;nosql;scala,,,,,
1,suse,SUSE,enterprise,remote-first,,,https://jobs.suse.com,https://www.suse.com/,,,,,,
1,tatvasoft,TatvaSoft,large,remote-friendly,,,https://www.tatvasoft.com/career,https://www.tatvasoft.com/,cloud;dotnet;java;javascript;mobile;nosql;php;ruby;sql,,,,,
1,veeva-systems,Veeva Systems,enterprise,remote-friendly,,,https://careers.veeva.com,https://www.veeva.com/,javascript;ml,,,,,
1,wizeline,Wizeline,large,hybrid,,,https://www.wizeline.com/careers/open-roles/,https://www.wizeline.com/,dotnet;go;java;javascript;mobile;php;python,,,,,
0,bebanjo,BeBanjo,,hybrid,,,https://www.bebanjo.com/company/careers,https://bebanjo.com/,,,,,,
0,iqvia,IQVIA,enterprise,hybrid,,,https://jobs.iqvia.com/,https://jobs.iqvia.com/our-company,api;mobile,,,,,
