company,tax_id,license,address,fit_hint
Công ty TNHH Persolkelly Việt Nam,0301952605,2608/2024/11/SLĐTBXH-VLATLĐ,"L17-11, Tầng 17, Tòa Nhà Vincom Center, Số 72 Lê Thánh Tôn, Phường Bến Nghé, Quận 1",yes
Công ty Cổ phần Liên Kết Con Người,0305146003,6209/2024/21/SLĐTBXH-VLATLĐ,"P.903, Tầng 9, Tòa nhà Diamond Plaza, 34 Lê Duẩn, phường Bến Nghé, Quận 1",
Công ty TNHH Jac Recruitment Việt Nam,0312324754,25843/2023/54/SLĐTBXH/VLATLĐ,"81-83-83B-85 Hàm Nghi, P. Nguyễn Thái Bình, Quận 1",yes
Công ty Cổ phần Kết nối Nhân Tài,0305202145,33034/2021/02/SLĐTBXH-VLATLĐ,"33 Mạc Đĩnh Chi, Phường Đa Kao, Quận 1",yes
Công ty Cổ phần Anphabe,0310684215,15257,"Tầng 6, 52 Đông Du Phường Bến Nghé, Quận 1",
Công ty TNHH Robert Walters Việt Nam,0310477226,3693/2023/05/SLĐTBXH-VLATLĐ,"Phòng 1, Lầu 9 và Phòng 4, Lầu 3, The Metropolitan, 235 Đồng Khởi, Phường Bến Nghé, Quận 1",yes
Công ty TNHH Ký Hiệu,0305745871,5328/2024/17/SLĐTBXH-VLATLĐ,"số 45 Võ Thị Sáu, phường Đa Kao, quận 1",
Công ty TNHH CK HR Consulting,0315300222,28202/2023/57/SLĐTBXH-VLATLĐ,"Tầng 2, Tòa nhà Rosana, 60 Nguyễn Đình Chiểu, Phường Đa Kao, Quận 1",yes
Công ty Cổ phần Việc Làm 24H,0314071202,5825/2024/19/SLĐTBXH-VLATLĐ,"Phòng 102, Tòa nhà số 20-20B Trần Cao vân, phường Đa Kao, Quận 1",
Công ty TNHH MTV Forval Việt Nam,0311098767,31221/2022/26/SLĐTBXH-VLATLĐ,"Tòa nhà Vicom Center, 72 Lê Thánh Tôn, phường Bến Nghé, Quận 1",
Công ty TNHH Nihonwasou (Việt Nam),0312213363,15433/2024/31/SLĐTBXH-VLATLĐ,"Tầng 2, 124 Điện Biên Phủ, Phường Đa kao, Quận 1",
Công ty Cổ phần IT Việc,0312192258,19710/2023/39/SLĐTBXH-VLATLĐ,"60 Nguyễn Văn Thủ, Phường Đakao, Quận 1",yes
Công ty TNHH TG Vina Arks,0312958775,28466/2023/58/SLĐTBXH-VLATLĐ,"Phòng 10.02, Tầng 10, Lant Building, Số 56-58-60 Hai Bà Trưng, Phường Bến Nghé, Quận 1",
Công ty TNHH Tricor Services Việt Nam,0312954298,11476/2023/20/SLĐTBXH-VLATLĐ,"Tầng 1, tòa nhà Packsimex, số 52 Đông Du, Phường Bến Nghé, Quận 1",
Công ty TNHH Reeracoen Việt Nam,0312981333,2761/2022/02/SLĐTBXH-VLATLĐ,"54-56, Đường Nguyễn Trãi, Phường Bến Thành, Quận 1",
Công ty TNHH Quick Việt Nam,0311740751,10898/2023/19/SLĐTBXH-VLATLĐ,"Số 1A, Công Trường Mê Linh,  Phường Bến Nghé, Quận 1",
Công ty Cổ phần 40 Giờ,0311448482,30628/2022/24/SLĐTBXH-VLATLĐ,"4B Nguyễn Văn Cừ, Phường Cầu Kho, Quận 1",
Công ty TNHH Cung ứng Nhân lực Nhân Kiệt,0308022768,22139/2023/45/SLĐTBXH-VLATLĐ,"Phòng 202, Tòa nhà 57, 57 Lê Thị Hồng Gấm, Phường Nguyễn Thái Bình, Quận 1",yes
Công ty TNHH Tuyển dụng Nhân sự Việt,0311833639,38569,"Lầu 1, Số 119 Điện Biên Phủ, Phường Đa Kao, Quận 1",yes
Công ty TNHH Tuyển dụng Argyll Scott (Việt Nam),0316666131,10243,"Tầng 46, Tòa nhà Bitexco Financial Tower, 02 Hải Triều, Phường Bến Nghé, Quận 1",yes
Công ty TNHH Chợ Tốt,0312120782,33035/2021/03/SLĐTBXH-VLATLĐ,"Phòng 1808, Tầng 18, Mê Linh Point Tower, số 2 Ngô Đức Kế, Phường Bến Nghé, Quận 1",
Công ty TNHH Hr1 Việt Nam Holdings,0311699052,5884/2022/07/SLĐTBXH-VLATLĐ,"Lầu 12, Tòa nhà HDTC, 36 Bùi Thị Xuân, Phường Bến Thành, Quận 1",
Công ty Cổ Phần Helius Technologies,0317100081,17935/2024/36/SLĐTBXH-VLATLĐ,"Phòng 04-139, Wework Lim 3, Tầng 4, 29A Nguyễn Đình Chiểu, Phường Đa Kao, Quận 1",yes
Công ty TNHH Bipo Service (Việt Nam),0314504311,21539/2024/41/SLĐTBXH-VLATLĐ,"Lầu 2, 63A Nam Kỳ Khởi Nghĩa, phường Bến Thành, Quận 1",
Công ty TNHH Tractus Asia (Việt Nam),0316072265,22418/2022/18/SLĐTBXH-VLATLĐ,"164 Nguyễn Văn Thủ, Phường Đa Kao, Quận 1.",
Công ty TNHH Language Talent Solutions,0317173844,7112/2023/11/SLĐTBXH-VLATLĐ,"116 Nguyễn Văn Thủ, Phường Đa Kao, Quận 1",yes
Công ty TNHH Cornerstone Global Partners (Việt Nam),0317577861,8569/2023/12/SLĐTBXH-VLATLĐ,"25A/1+25A1 Nguyễn Bỉnh Khiêm, Phường Bến Nghé, Quận 1",yes
Công ty TNHH CXC Global VN,0315094298,17936/2024/37/SLĐTBXH-VLATLĐ,"VietPhone Building-3, số 64 Võ Thị Sáu, Phường Tân Định, Quận 1",yes
Công ty Cổ phần Tư Vấn Nhịp Cầu Vàng,0304868528,9265/2023/16/SLĐTBXH-VLATLĐ,"Lầu 1, 43 Mạc Đĩnh Chi, Phường Đa Kao, Quận 1",
Công ty TNHH Forward Search Consulting,0317354706,13594/2023/26/SLĐTBXH-VLATLĐ,"116 Nguyễn Văn Thủ, Phường Đa Kao, Quận 1",
Công ty TNHH Sperton Vietnam,0316017063,11289/2024/27/SLĐTBXH-VLATLĐ,"56 Nguyễn Đình Chiểu, Phường Đa Kao, Quận 1",
Công ty TNHH Djrecruit Asia,0317580656,14579/2023/28/SLĐTBXH-VLATLĐ,"Tầng G, số 63A Nam Kỳ Khởi Nghĩa, Phường Bến Thành, Quận 1",yes
Công ty TNHH Elitez Á Châu Việt Nam,0317747062,17058/2023/36/SLĐTBXH-VLATLĐ,"The Sentry Connect, 15B/8 Lê Thánh Tôn, Phường Bến Nghé, Quận 1, Thành phố Hồ Chí Minh",
Công ty TNHH PCA HR,0317723921,21715/2023/44/SLĐTBXH-VLATLĐ,"Tầng 2, 124 Điện Biên Phủ, Phường Đa Kao, Quận 1",yes
Công ty TNHH Wind-Smile Việt Nam,0315137840,25158/2023/52/SLĐTBXH-VLATLĐ,"Tầng 7, Tòa nhà Abacus, 58 Nguyễn Đình Chiểu, Phường Đa Kao, Quận 1",
Công ty TNHH Leapin Vietnam,0317832818,27812/2023/56/SLĐTBXH-VLATLĐ,"Tầng 1, 114 Điện Biên Phủ, Phường Đa Kao, Quận 1",
Công ty Cổ phần Dịch Vụ Logistics Dầu Khí Việt Nam,0311523789,29769/2023/62/SLĐTBXH-VLATLĐ,"Phòng 201-202, Lầu 2 Tòa nhà Petro Việt Nam, số 1-5 Lê Duẩn, Phường Bến Nghé, Quận 1",
Công ty TNHH Abelieve Việt Nam,0314186362,30066/2023/63/SLĐTBXH-VLATLĐ,"Phòng 18, Tầng 3, Tòa nhà Indochina, số 4 Nguyễn Đình Chiểu, phường Đa Kao, Quận 1",
Công ty Cổ phần PGT Solutions,0313648575,188/2024/04/SLĐTBXH-VLATLĐ,"Lầu 12, Tòa nhà Pax Sky, 144-146-148 Lê Lai, phường Bến Thành, Quận 1",
Công ty TNHH First Aim,0318129799,1048/2024/06/SLĐTBXH-VLATLĐ,"18Bis/5 Nguyễn Thị Minh Khai, phường Đa Kao, Quận 1",
Công ty Cổ phần Talaria,0318201318,2325/2024/09/SLĐTBXH-VLATLĐ,"27B/9 Nguyễn Đình Chiểu, phường Đa Kao, Quận 1",
Công ty TNHH Newbridge & Partners (Việt Nam),0317907118,2326/2024/10/SLĐTBXH-VLATLĐ,"Tầng 12, Tòa nhà FiveStar, Số 28bis Mạc Đĩnh Chi, phường Đa Kao, Quận 1",
Công ty TNHH YY Circle (Vietnam),0318299624,5391/2024/18/SLĐTBXH-VLATLĐ,"Tầng 19, P.1901, Saigon Trade Center, số 37 Tôn Đức Thắng, phường Bến Nghé, Quận 1",
Công ty TNHH People Profilers Services Việt Nam,0318135337,6208/2024/20/SLĐTBXH-VLATLĐ,"Tầng 6, Phòng F.601, số 36 Mạc Đĩnh Chi, phường Đa Kao, Quận 1",
Công ty TNHH Trantor Tech,0318319937,8758/2024/24/SLĐTBXH-VLATLĐ,"Phòng 413 Tầng 4, Tòa nhà IMC, số 62 Trần Quang Khải, phường Tân Định, Quận 1",yes
Công ty TNHH Accounting Office Clear Việt Nam,0311955796,22960/2024/46/SLĐTBXH-VLATLĐ,"Số 21-23 Nguyễn Thị Minh Khai, Phường Bến Nghé, Quận 1",
Công ty TNHH Potential Lab,0317342919,23200/2024/48/SLĐTBXH-VLATLĐ,"Tầng 5, Tòa nhà Trung Tâm Văn Hóa Đa Năng, số 62 Trần Quang Khải, phường Tân Định, Quận 1",
Công ty TNHH Fastlance Vietnam,0318396709,17118/2024/35/SLĐTBXH-VLATLĐ,"Tầng 14, Tòa nhà HM Town, 412 Nguyễn Thị Minh Khai, Phường 5, Quận 3",
Công ty TNHH RGF HR Agent Việt Nam,0311046543,19711/2023/40/SLĐTBXH-VLATLĐ,"Tầng 7, Centec Tower, 72-74 Nguyễn Thị Minh Khai, Phường Võ Thị Sáu, Quận 3",yes
Công ty TNHH Giải pháp Nhân sự Global Door,0315932937,11679/2023/21/SLĐTBXH-VLATLĐ,"Tầng 8, Tòa nhà Cao Thắng Mall, số 19 Cao Thắng, Phường 2, Quận 3",yes
Công ty TNHH Glints Việt Nam,0316168834,16208/2024/34/SLĐTBXH-VLATLĐ,"Tầng 6, Số 100, Đường Nguyễn Thị Minh Khai, Phường Võ Thị Sáu, Quận 3",
Công ty TNHH Một thành viên Dịch vụ Cơ quan Nước Ngoài,0300540207,21722/2024/42/SLĐTBXH-VLATLĐ,"Số 124 Nguyễn Đình Chiểu, Phường 06, Quận 3",
Công ty Cổ phần Tuyển dụng Nhân Tài,0304470906,9590/2024/25/SLĐTBXH-VLATLĐ,"Số 5, tòa nhà Thiên Sơn (tầng 1) Nguyễn Gia Thiều, Phường 06, Quận 3",yes
Công ty TNHH Tư Vấn Giải Pháp Nhân Sự VSHR,0317095191,18800/2022/14/SLĐTBXH-VLATLĐ,"222 Điện Biên Phủ, Phường Võ Thị Sáu,  Quận 3",yes
Công ty TNHH Incorp Việt Nam,0315450355,12906/2024/29/SLĐTBXH-VLATLĐ,"Tầng 2, tòa nhà Galleria, 258 Nam Kỳ Khởi Nghĩa, Phường Võ Thị Sáu, Quận 3",
Công ty TNHH Eps Consultants,0317530870,9266/2023/17/SLĐTBXH-VLATLĐ,"Tầng 8, Tòa nhà Loyal, 151-151Bis Võ Thị Sáu, Phường Võ Thị Sáu, Quận 3",
Công ty TNHH Pegasi Recruitment,0314967944,10034/2023/18/SLĐTBXH-VLATLĐ,"Phòng 804, Lầu 8, Centec Tower, 72-74 Nguyễn Thị Minh Khai, phường Võ Thị Sáu, quận 3",yes
Công ty Cổ phần Fiza,'0316928404,12218/2023/24/SLĐTBXH-VLATLĐ,"Tầng 1, số 290//26 Nam Kỳ Khởi Nghĩa, Phường Võ Thị Sáu, Quận 3",
Công ty TNHH Olik Việt Nam,0317921539,21038/2023/42/SLĐTBXH-VLATLĐ,"200 Pasteur, Phường Võ Thị Sáu, Quận 3",
Công ty TNHH Dịch vụ & Tư vấn Hyundai,0313574524,187/2024/03/SLĐTBXH-VLATLĐ,"Tầng 7, Agrex Building, Số 58 Đường Võ Văn Tần, Phường 06, Quận 3",
Công ty TNHH Tech Grid Asia (Việt Nam),0316990882,4628/2024/16/SLĐTBXH-VLATLĐ,"Tầng 10, The CirCO Platform, 222 Điện Biên Phủ, Phường Võ Thị Sáu, Quận 3",yes
Công ty Cổ phần Giải pháp Careerviet,0303284985,23199/2024/47/SLĐTBXH-VLATLĐ,"139 Pasteur, Phường Võ Thị Sáu, Quận 3",
Công ty TNHH Talentvis Việt Nam,0316188781,23256/2024/49/SLĐTBXH-VLATLĐ,"222 Điện Biên Phủ, Phường Võ Thị Sáu, Quận 3, Thành phố Hồ Chí Minh, Việt Nam",yes
Công ty Cổ phần Adecco Việt Nam,0311285460,13541/2024/30/SLĐTBXH-VLATLĐ,"Tầng 14, Toà nhà E.town Central, Số 11 Đoàn Văn Bơ, Phường 13, Quận 4",yes
Công ty Cổ phần Navigos Group Việt Nam,0304836029,3882/2024/14/SLĐTBXH-VLATLĐ,"Tầng 20, E.Town Central, 11 Đoàn Văn Bơ, Phường 13, Quận 4",yes
Công Ty TNHH Aswhite Việt Nam,0312115528,189/2024/05/SLĐTBXH-VLATLĐ,"Tầng 6, tầng 7 và tầng 10, Tòa nhà REE Tower, số 9 Đoàn văn Bơ, Phường 13, Quận 4",
Công ty Cổ phần Dịch vụ Xuất khẩu Lao động và Chuyên gia,0301339815,27227,"Số 635A Nguyễn Trãi, Phường 11, Quận 5",
Công ty TNHH Thương Mại Quốc Tế Việt Triển,0317737138,28846/2023/60/SLĐTBXH-VLATLĐ,"472-474 Trần Hưng Đạo, Phường 2, Quận 5",
Công ty Cổ phần ITM Thành phố Hồ Chí Minh,0311970106,4179/2022/04/SLĐTBXH-VLATLĐ,"'Số 48 Đường số 5, Khu Đô Thị Mới Him Lam, Phường Tân Hưng, Quận 7",
Công ty TNHH Thương Mại Xây Dựng Sỹ Nguyên,0309537590,21505/2022/17/SLĐTBXH-VLATLĐ,"Số 11 Đường D5, Khu phố 2, Phường Phú Mỹ, Quận 7",
Công ty TNHH MTV David & Mark,0318313205,7884/2024/23/SLĐTBXH-VLATLĐ,"Số 7 đường số 14 Khu đô thị mới Him Lam, phường Tân Hưng, Quận 7",
Công ty Cổ phần Hội Quán Thuyền Viên,0318476552,18023/2024/38/SLĐTBXH-VLATLĐ,"25C, KP1, Huỳnh Tấn Phát, phường Phú Thuận, Quận 7, Thành phố Hồ Chí Minh, Việt Nam",
Công ty TNHH Phát Triển Văn Hóa Công Nghệ Internet Atg,0318167392,19909/2024/39/SLĐTBXH-VLATLĐ,"Tầng 6, Victory Tower, số 12 đường Tân Trào, phường Tân Phú, Quận 7",yes
Công ty TNHH MTV Việt La Bo,0309716416,15164/2023/31/SLĐTBXH-VLATLĐ,"231/1 Ba Đình, Phường 8, Quận 8",
Công ty Trách nhiệm hữu hạn Galvin May,0312186494,15973,"421/9 Sư Vạn Hạnh (nối dài), Phường 12, Quận 10",
Công ty Cổ phần Dịch Vụ Gia Tăng Mobifone,0311719703,13279/2023/25/SLĐTBXH-VLATLĐ,"MM18 Trường Sơn, Phường 14, Quận 10",
Công ty TNHH Khang Phú Hưng,0302871892,120/2024/02/SLĐTBXH-VLATLĐ,"1286 Đường 3/2, Phường 02, Quận 11",
Công ty TNHH Sản Xuất Thương Mại và Dịch vụ Lao động dạy nghề Quế Nga,0302356122,121,"0/A1 Quốc lộ 1A, Khu phố 1, Phường Tân Thới Nhất, Quận 12",
Công ty Cổ phần Sei Jin Việt Nam,0312305134,15426/2023/32/SLĐTBXH-VLATLĐ,"Số 25F2, Đường DD6, Phường Tân Hưng Thuận, Quận 12",
Công ty TNHH Thương Mại - Dịch Vụ Cung Ứng Lao Động Hiệp Thành,0317988879,20118/2023/41/SLĐTBXH-VLATLĐ,"13 Nguyễn Thị Xinh, Phường Thới An, Quận 12",
Công ty TNHH MTV Công Việc Vàng,0310543687,23508/2022/20/SLĐTBXH-VLATLĐ,"Số 72 Đường Số 24A, Phường Bình Trị Đông B, Quận Bình Tân",
Công ty TNHH Đào Tạo và Thương Mại Dịch Vụ Minh Tú,0313409591,27330/2022/22/SLĐTBXH-VLATLĐ,"188/35 Lê Đình Cẩn, Khu phố 6, Phường Tân Tạo, Quận Bình Tân",
Công ty TNHH Thương mại Dịch vụ Blue In Green,0313003792,2479/2023/02/SLĐTBXH-VLATLĐ,"39 Ngô Y Linh, Phường An Lạc, Quận Bình Tân",
Công ty TNHH Nhân Lực & Dịch Vụ Hương Sơn,0317739907,9094/2023/14/SLĐTBXH-VLATLĐ,"118/37/2B Liên Khu 5-6, Khu phố 8, Phường Bình Hưng Hòa B, Quận Bình Tân",yes
Công ty TNHH Grasp,0313834846,4826/2023/07/SLĐTBXH-VLATLĐ,"Tầng 6 tháp Golden House, Sunwah Pear, 90 Nguyễn Hữu Cảnh, Phường 22, Quận Bình Thạnh",
Công ty TNHH Nhật Huy Khang,0309412665,4179/2022/04/SLĐTBXH-VLATLĐ,"102-102A Nguyễn Văn Đậu, Phường 7, Quận Bình Thạnh",
Công ty TNHH Build Talents,0315196966,5448/2023/08/SLĐTBXH-VLATLĐ,"161 Ung Văn Khiêm, Phường 22, Quận Bình Thạnh",yes
Công ty TNHH Tatosa,0313658943,12664,"31/18 Ung Văn Khiêm, Phường 25, Quận Bình Thạnh",
Công ty Cổ phần L&A,0302269938,28845/2023/59/SLĐTBXH-VLATLĐ,"11 Huỳnh Đình Hai, Phường 14, Quận Bình Thạnh",
Công ty Cổ phần Hrnavi,0304835794,22553/2023/46/SLĐTBXH-VLATLĐ,"Tầng 8, Số 9 đường D2, Saigon Pearl, 92 Nguyễn Hữu Cảnh, Phường 22, Quận Bình Thạnh",
Công ty TNHH Một thành viên Truyền Thông Smile,0312656693,24496,"82D Cư xá Cửu Long, đường Ngô Tất Tố, Phường 22, Quận Bình Thạnh",
Công ty TNHH I Link Group,3603593394,17801,"168/67 Nguyễn Gia Trí, Phường 25, Quận Bình Thạnh",
Công ty Cổ phần Nhật Huy Khang International,0316075160,16212/2023/35/SLĐTBXH-VLATLĐ,"102-102A Nguyễn Văn Đậu, Phường 7, Quận Bình Thạnh",yes
Công Ty Cổ Phần Cung Ứng Lao Động Dịch Vụ Xây Dựng Thủy Lợi,0309801982,29768/2023/61/SLĐTBXH-VLATLĐ,"205A Nguyễn Xí, Phường 26, Quận Bình Thạnh",
Công ty Cổ phần Tư Vấn Đầu Tư Và Định Cư Ally,0314150020,119/2024/01/SLĐTBXH-VLAT,"Văn phòng 03, Tầng 22, Tòa nhà Opal, số 92 Nguyễn Hữu Cảnh, Phường 22, quận Bình Thạnh",
Công ty Cổ phần Skale,0316799967,9795/2024/26/SLĐTBXH-VLATLĐ,"11 Huỳnh Đình Hai, Phường 14, quận Bình Thạnh",
Công ty TNHH Minami Gumi Việt Nam,0313567527,11814/2024/28/SLĐTBXH-VLATLĐ,"23 Huỳnh Đình Hai, Phường 14, quận Bình Thạnh",
Công ty TNHH Freecracy Việt Nam,0315334084,24526/2024/53/SLĐTBXH-VLATLĐ,"Lầu 6, Tòa nhà Bcons Tower II, số 42/1 Ung Văn Khiêm, Phường 25, Quận Bình Thạnh",
Doanh nghiệp tư nhân Mai Ngân,0304324408,9918,"383 Thống Nhất, Phường 11, quận Gò Vấp",
Công ty TNHH Rbox Việt Nam,0315054545,41980/2021/10/SLĐTBXH-VLATLĐ,"672A29 Phan Văn Trị, Phường 10, Quận Gò Vấp",
Công ty Cổ phần Giao Thông Vận Tải Nam Việt,0312578371,25811/2022/21/SLĐTBXH-VLATLĐ,"417/4 Tân Sơn, Phường 12, Quận Gò Vấp",
Công ty TNHH Remoly (Vietnam),0318182136,26842/2024/54/SLĐTBXH-VLATLĐ,"Số 269/18 Thống Nhất, Phường 11, quận Gò Vấp",
Công ty cổ Phần Tư Vấn Và Thương Mại Kiến Vàng,0314283503,4036/2024/15/SLĐTBXH-VLATLĐ,"108 đường số 6, Khu Nhà Ở Rạch Bà Tánh, Ấp 5, xã Bình Hưng, huyện Bình Chánh",
Công ty TNHH Thương mại và Dịch vụ Lao động mặt Trời Mới,0315355101,3212/2023/04/SLĐTBXH-VLATLĐ,"27/7I Ấp Mới 2, Xã Trung Chánh, Huyện Hóc Môn",
Công ty Cổ phần Cung Ứng Lao Động Chất Lượng Toàn Cầu 247,0318198432,20509/2024/40/SLĐTBXH-VLATLĐ,"158/15/2 Ấp 3, xã Xuân Thới Thượng, huyện Hóc Môn",
Công ty TNHH Cung Ứng Nguồn Nhân Lực Logistics,0318430981,21630/2024/43/SLĐTBXH-VLATLĐ,"27A Ấp Hậu Lân, xã Bà Điểm, huyện Hóc Môn",yes
Công ty Cổ phần Khu Công nghiệp Hiệp Phước,0305046979,28047,"Khu B, Đường số 01, Khu Công Nghiệp Hiệp Phước, Xã Hiệp Phước, Huyện Nhà Bè
Trung tâm sinh",
Công ty TNHH Thương Mại - Dịch Vụ Phát Việt,0302314475,5757,"số 247 Bis Huỳnh Văn Bánh, Phường 12, Quận Phú Nhuận",
Công ty TNHH Quess Corp Việt Nam,0314944513,22454/2024/44/SLĐTBXH-VLATLĐ,"Lầu 6, Saigon Building, số 428 Trường Sa, Phường 02, quận Phú Nhuận",
Công ty TNHH Thương Mại Dịch Vụ Viễn Thông Thiên Tú,0302171851,22668/2024/45/SLĐTBXH-VLATLĐ,"145B Nguyễn Đình Chính, Phường 11, quận Phú Nhuận",
Công ty TNHH Ancor Recruitment,0318310959,27381/2024/55/SLĐTBXH-VLATLĐ,"G.03, Tầng G, Archwater Building, số 284/9 Đường Nguyễn Trọng Tuyển, Phường 10, quận Phú N",yes
Công ty TNHH Pasona Tech Việt Nam,0303189770,34428/2022/31/SLĐTBXH-VLATLĐ,"Toà nhà E-town, Số 364 Cộng Hòa, Phường 13, Quận Tân Bình",yes
Công ty Trách nhiệm hữu hạn CareerLink,0400539269,31116,"270-272, Cộng Hòa, Phường 13, Quận Tân Bình",
Công ty Trách nhiệm hữu hạn Ê Su Hai,0304401652,20830,"40/12-40/14 Ấp Bắc, Phường 13, Quận Tân Bình",
Công ty TNHH Kế toán Quốc tế,0310369132,42280,"39B Trường Sơn, Phường 4, Quận Tân Bình",
Công ty TNHH Talent JDI,0316651287,26789/2023/55/SLĐTBXH-VLATLĐ,"Tầng 9, số 458 Cách Mạng Tháng Tám, Phường 4, Quận Tân Bình",yes
Công ty TNHH Grow Up JV,0315261823,2047/2024/08/SLĐTBXH-VLATLĐ,"Tầng 3-LLQ, Tòa nhà QCoop, Số 647 Lý Thường Kiệt, Phường 11, Quận Tân Bình",
Công ty TNHH Esuworks,0316969489,36143/2021/07/SLĐTBXH-VLATLĐ,"40/12-40/14 Ấp Bắc, Phường 13, Quận Tân Bình",
Công ty TNHH Esucare,0316583118,38888/2021/08/SLĐTBXH-VLATLĐ,"232/43 Cộng Hòa, Phường 12, Quận Tân Bình",
Công ty TNHH Matchday,0317396417,33262/2022/29/SLĐTBXH-VLATLĐ,"1086 Âu Cơ, Phường 14, Quận Tân Bình",
Công ty Cổ phần Dịch vụ Nhân Lực Toàn Cầu,0305385957,34429/2022/32/SLĐTBXH-VLATLĐ,"50 Sầm Sơn, Phường 4, Quận Tân Bình",yes
Công ty CP Weploy Vietnam,0317326240,2590/2023/03/SLĐTBXH-VLATLĐ,"491/1 Trường Chinh, Phường 14, Quận Tân Bình",
Công ty TNHH Cung Ứng Nhân Lực DC Handel Việt Nam,0310358821,3785/2023/06/SLĐTBXH-VLATLĐ,"Tầng 1, số 34 Hoàng Việt, Phường 4, Quận Tân Bình",yes
Công ty TNHH Vnib Tech,0313636202,16211/2023/34/SLĐTBXH-VLATLĐ,"307B Nguyễn Văn Trỗi, Phường 1, Quận Tân Bình",yes
Công ty Cổ phần Bpo Mắt Bão,0312722025,23568/2024/50/SLĐTBXH-VLATLĐ,"Số 12A Núi Thành, Phường 13, quận Tân Bình, Thành phố Hồ Chí Minh, Việt Nam",
Công ty TNHH Nguyễn An Nam,0316936758,23569/2024/51/SLĐTBXH-VLATLĐ,"34 Tiền Giang, Phường 2, quận Tân Bình, Thành phố Hồ Chí Minh, Việt Nam",
Công ty Cổ phần Xuất Nhập Khẩu và Hợp Tác Quốc Tế Hr-Tracimeco,0313542755,22419/2022/19/SLĐTBXH-VLATLĐ,"440/71 Bình Long, Phường Tân Quý, Quận Tân Phú.",yes
Công ty Trách nhiệm hữu hạn Baxro,0318413464,15434/2024/32/SLĐTBXH-VLATLĐ,"144 Lê Thiệt, phường Phú Thọ Hòa, quận Tân Phú",
Công ty TNHH Vietseiko,0314789339,17986,"108/17 đường 79, khu phố 5, Phường Tăng Nhơn Phú B, Tp Thủ Đức",
CÔNG TY TNHH SHASU GROUP,0311215858,24678/2023/51/SLĐTBXH-VLATLĐ,"Số 3 Đường 357, Phường Phước Long B, thành phố Thủ  Đức",
Công ty CP Nhân Lực Harumi,0316370328,4178/2022/05/SLĐTBXH-VLATLĐ,"169/1/19 Lương Định Của, Phường An Khánh, Thành phố Thủ Đức",yes
Công ty TNHH DV  Phúc An Khang,0315347911,15256,"6/1 Tú Xương, Phường Hiệp Phú, Thành phố Thủ Đức",
Công ty TNHH Quốc tế Sanko Gakuen,0312032624,6602/2023/10/SLĐTBXH-VLATLĐ,"số 20 Nguyễn Đăng Giai, Phường Thảo Điền, Tp. Thủ Đức",
Công ty TNHH Một thành viên Cung ứng Nguồn nhân lực Suleco,0316429557,34779/2022/34/SLĐTBXH-VLATLĐ,"165 Đại lộ 3, Phường Phước Bình, Quận 9",yes
Công ty TNHH Jobfull Partner,0311105894,15163/2023/30/SLĐTBXH-VLATLĐ,"Số 1, đường số 69, Khu phố 1, Phường Thạnh Mỹ Lợi, Thành phố Thủ Đức",
Công ty TNHH Jobs & Services Consulting,0317282875,16210/2023/33/SLĐTBXH-VLATLĐ,"Căn số C-00.13, Tầng trệt, Chung cư lô C1, số 62 Hoàng Thế Thiện, Phường An Lợi Đông, thàn",
Công ty TNHH Đào tạo và Nguồn Nhân Lực Hàng Hải,0303605029,23162/2023/47/SLĐTBXH-VLATLĐ,"Số 1, đường 33, Khu phố 2, Phường An Khánh, thành phố Thủ Đức",yes
Công ty TNHH Anywr Việt Nam,3603870697,24429/2023/50/SLĐTBXH-VLATLĐ,"số 39 Nguyễn Duy Hiệu, phường Thảo Điền, thành phố Thủ Đức",
Công ty TNHH Heytalents,0318297352,7486/2024/22/SLĐTBXH-VLATLĐ,"146E7 Nguyễn Văn Hưởng, phường Thảo Điền, thành phố Thủ Đức",yes
Công ty TNHH Thương Mại Dịch Vụ Đồng Đắc Phú,0317484751,16149/2024/33/SLĐTBXH-VLATLĐ,"23/1C Đường 671, phường Tân Phú, thành phố Thủ Đức",
Công ty TNHH Michael page International (Việt Nam),0315040736,24525/2024/52/SLĐTBXH-VLATLĐ,"Tầng 20, Tháp A, Khu thương mại dịch vụ kết hợp nhà ở cao tầng tại lô đất 1-13, số 15, đườ",yes
