company,mechanism,postings,evidence,hires_in,n_countries
twilio,eor,122,clause excludes VN,"US, IN, CO, CA, GB, IE, EE, SG",12
chaosindustries,contractor,119,clause excludes VN,"US, GB",2
reddit,contractor,93,clause excludes VN,"US, CA, GB, NL",4
asana,eor,89,clause excludes VN,—,0
upstart,contractor,85,clause excludes VN,—,0
planetlabs,eor,74,clause excludes VN,"DE, KR, US, LATAM, AE",5
nice,eor,73,clause excludes VN,"US, GB, CA, ES, ZA, NL, DE, IT",8
chainguard,eor,70,clause excludes VN,"US, GB, DE, SG, NL, FR, EU, DK",11
snowflake,contractor,63,clause excludes VN,"US, DE, GB, MX, PL, IL, MY, CO",9
engine,contractor,60,clause excludes VN,—,0
betterhelp,contractor,47,clause excludes VN,"US, NL, GE",3
openloophealth,eor,47,clause excludes VN,"US, CA",2
ashby,eor,46,clause excludes VN,"US, EU, CA",3
rula,contractor,45,clause excludes VN,US,1
speak,contractor,39,clause excludes VN,"US, KR, JP, CN",4
pingidentity,eor,37,clause excludes VN,"US, GB, FR, BE, NL, NO",6
harborglobal,eor,36,clause excludes VN,"US, GB, CA",3
cloverhealth,contractor,34,clause excludes VN,"US, GE, CA",3
scaleai,contractor,34,clause excludes VN,"US, GB, MX",3
pebl,eor,34,clause excludes VN,"US, PT, IN, CO, FR, EU, CA, TW",10
watershed,eor,32,clause excludes VN,—,0
onhires,contractor,32,clause excludes VN,"EU, UA, US, BG, BR, TR, SA, ES",8
interviewengineering,contractor,26,clause excludes VN,"CA, AL, BR, BG, CL, CR, DK, EG",25
apolloio,contractor,24,clause excludes VN,"US, CA, PL",3
medsien,contractor,22,clause excludes VN,"US, TR",2
drata,eor,21,clause excludes VN,"US, MX, EMEA",3
gitlab,eor,169,no clause found,"US, CA, GB, DE, IN, IE, PL, FR",25
legionhealth,contractor,146,no clause found,—,0
stripe,eor,121,no clause found,"US, CA, IE, SG, IN, AU, MX",7
oscar,contractor,89,no clause found,"US, GE",2
hirehangar,contractor,84,no clause found,"ZA, MX, AR, PE, US, PA, NI, BO",16
humanagency,contractor,78,no clause found,"US, CA",2
instacart,eor,72,no clause found,US,1
charliehealth,contractor,70,no clause found,US,1
syskahennessy,eor,52,no clause found,"US, NA",2
tlatechinc,contractor,39,no clause found,US,1
springhealth66,eor,35,no clause found,—,0
eqvilentjobs,eor,26,no clause found,—,0
later,contractor,24,no clause found,—,0
familywell,contractor,23,no clause found,US,1
